Algorithm,ExplorationIdx,ExploitationIdx
GA,0.416184,0.000000
GWO,0.473845,0.000000
PSO,0.639492,0.000000
DE,0.912557,0.013958
ACOR,0.896826,0.000000
