Policy,MeanQueueWait_s,MeanTotalWait_s,MeanRT_s,p90RT_s,p99RT_s,EnergyPerTask_J,TotalEnergy_kWh,Offload_pct,Overloads
Baseline,156.307643,156.310648,157.797262,395.814226,660.275121,73.995321,0.331807352,0.0922,4767.600000
GA,126.428970,126.434209,127.753279,265.253867,514.729774,65.490509,0.331836771,74.8260,4766.800000
GWO,110.806243,110.811456,112.094468,264.583085,506.146339,63.720963,0.331844615,73.9790,4766.400000
PSO,109.254582,109.259808,110.539945,264.639431,506.065706,63.588741,0.331844911,74.1216,4766.600000
DE,116.912304,116.917539,118.211311,268.229281,508.954856,64.234374,0.331841914,74.3732,4766.600000
ACOR,110.901637,110.906857,112.191069,264.535910,507.079229,63.765094,0.331844175,74.0881,4766.600000
