Algorithm,ExplorationIdx,ExploitationIdx
GA,0.556859,0.000000
GWO,0.523377,0.000000
PSO,0.553156,0.000000
DE,0.955704,0.012110
ACOR,0.939690,0.000000
