Policy,MeanQueueWait_s,MeanTotalWait_s,MeanRT_s,p90RT_s,p99RT_s,EnergyPerTask_J,TotalEnergy_kWh,Offload_pct,Overloads
Baseline,388.887487,388.890733,390.400933,1423.436333,2013.095312,61.149429,1.289828293,6.4428,19052.000000
GA,264.781207,264.786640,266.200106,609.203576,1181.320329,56.365672,1.333690078,80.7922,19222.000000
GWO,233.580917,233.586365,234.979881,573.034019,1193.691007,55.571740,1.333567393,81.2946,19221.400000
PSO,287.159745,287.165171,288.590997,639.002350,1171.558290,56.857269,1.333555651,80.4760,19223.000000
DE,293.301858,293.307282,294.736946,649.396965,1177.017432,57.011317,1.333621394,80.5030,19222.400000
ACOR,265.014037,265.019471,266.432886,604.826100,1185.115400,56.362658,1.333634433,80.7631,19221.800000
