Algorithm,AvgMeanQueueWait_s,AvgMeanRT_s,AvgEnergyPerTask_J,AvgOffload_pct
ACOR,140.020614,141.425293,57.231627,77.2753
Baseline,211.068971,212.573241,62.880956,6.1191
DE,147.187803,148.595191,57.406853,77.1352
GA,142.135666,143.547902,57.661945,77.4005
GWO,125.922023,127.314925,56.787331,77.3119
PSO,143.543865,144.947077,57.188213,76.9753
