Algorithm,ExplorationIdx,ExploitationIdx
GA,0.415055,0.000000
GWO,0.573033,0.000000
PSO,0.654700,0.000000
DE,0.968122,0.013788
ACOR,0.927872,0.000000
