Policy,MeanQueueWait_s,MeanTotalWait_s,MeanRT_s,p90RT_s,p99RT_s,EnergyPerTask_J,TotalEnergy_kWh,Offload_pct,Overloads
Baseline,88.011782,88.015188,89.521527,392.649638,1073.423150,53.498118,0.628588029,11.8224,9345.200000
GA,35.196821,35.202121,36.690321,84.723902,145.290013,51.129655,0.665736508,76.5832,9643.600000
GWO,33.378910,33.384211,34.870426,82.643348,150.005339,51.069291,0.665702398,76.6620,9640.200000
PSO,34.217267,34.222559,35.710290,83.726552,147.548398,51.118629,0.665805938,76.3283,9642.200000
DE,31.349247,31.354546,32.837317,81.972386,152.754545,50.974866,0.665703437,76.5293,9636.400000
ACOR,44.146168,44.151479,45.651923,100.756359,135.794473,51.567128,0.665903510,76.9749,9644.400000
